Organization/Person Name,Number of Investments,Number of Exits,Region,Score
StepStone Group,82,9.0,US,100.0
Techstars,6149,508.0,US,7165.0
IndieBio,529,6.0,US,541.0
Coinbase,34,2.0,US,38.0
Khosla Ventures,1249,170.0,US,1589.0
Alumni Ventures,1871,164.0,US,2199.0
Thrive Capital,351,73.0,US,497.0
500 Global,3155,383.0,US,3921.0
Pfizer,51,19.0,US,89.0
Mission BioCapital,73,18.0,US,109.0
BlockTower Capital,53,1.0,US,55.0
General Atlantic,469,155.0,US,779.0
BoxGroup,689,123.0,US,935.0
Hack VC,197,13.0,US,223.0
F-Prime Capital,471,93.0,US,657.0
Propel(X),92,7.0,US,106.0
AbbVie,74,15.0,US,104.0
Alexandria Venture Investments,270,52.0,US,374.0
Elemental Impact,197,27.0,US,251.0
Plug and Play,1929,181.0,US,2291.0
RA Capital Management,432,193.0,US,818.0
B Capital,231,18.0,US,267.0
Point72 Ventures,195,25.0,US,245.0
MRL Ventures Fund,47,13.0,US,73.0
Benhamou Global Ventures,111,21.0,US,153.0
Wellington Management,265,125.0,US,515.0
Norwest Venture Partners,945,209.0,US,1363.0
Andreessen Horowitz,1621,236.0,US,2093.0
Headline,496,77.0,US,650.0
Ripple,38,3.0,US,44.0
International Finance Corporation,558,143.0,US,844.0
EXPERT DOJO,298,4.0,US,306.0
Lowercarbon Capital,141,1.0,US,143.0
Accel,2128,388.0,US,2904.0
Republic,73,2.0,US,77.0
Avalanche,31,,US,
Autotech Ventures,73,12.0,US,97.0
Bessemer Venture Partners,1433,310.0,US,2053.0
Craft Ventures,308,24.0,US,356.0
General Catalyst,1381,206.0,US,1793.0
Nexus Venture Partners,373,52.0,US,477.0
Science,64,11.0,US,86.0
Biogen,30,18.0,US,66.0
Orange DAO,218,3.0,US,224.0
Pear VC,387,29.0,US,445.0
Polychain,267,6.0,US,279.0
Gaingels,846,57.0,US,960.0
Sequoia Capital,2059,409.0,US,2877.0
Digital Currency Group,338,43.0,US,424.0
Lightspeed Venture Partners,1439,245.0,US,1929.0
SixThirty,178,27.0,US,232.0
Adjacent,37,2.0,US,41.0
Trousdale Ventures,84,1.0,US,86.0
Sapphire Ventures,345,97.0,US,539.0
Flourish Ventures,155,11.0,US,177.0
Arca,45,2.0,US,49.0
Endeavor,46,2.0,US,50.0
Menlo Ventures,801,181.0,US,1163.0
Hamilton Lane,58,11.0,US,80.0
Bristol-Myers Squibb,96,17.0,US,130.0
TEDCO,227,20.0,US,267.0
Forerunner,253,39.0,US,331.0
Quona Capital,157,5.0,US,167.0
8VC,522,42.0,US,606.0
Fin Capital,129,9.0,US,147.0
BITKRAFT Ventures,184,9.0,US,202.0
Sutter Hill Ventures,327,103.0,US,533.0
Toyota Ventures,115,6.0,US,127.0
gener8tor,270,15.0,US,300.0
Invest Nebraska,227,11.0,US,249.0
M12 - Microsoft's Venture Fund,305,39.0,US,383.0
Abstract Ventures,279,22.0,US,323.0
Betaworks,232,72.0,US,376.0
Sands Capital Ventures,174,42.0,US,258.0
ARCH Venture Partners,495,109.0,US,713.0
Union Square Ventures,462,61.0,US,584.0
Floodgate,381,101.0,US,583.0
Bond,96,5.0,US,106.0
Notable Capital,446,92.0,US,630.0
ICONIQ Growth,227,36.0,US,299.0
Borderless Capital,136,,US,
Uncork Capital,427,110.0,US,647.0
Wefunder,43,3.0,US,49.0
S2G Ventures,167,6.0,US,179.0
Triangle Tweener Fund,170,2.0,US,174.0
Ridge Ventures,196,60.0,US,316.0
Ballistic Ventures,54,4.0,US,62.0
Boston Scientific,51,18.0,US,87.0
Bonfire Ventures,160,43.0,US,246.0
Invesco,99,42.0,US,183.0
Alpha Wave Global,128,15.0,US,158.0
Third Prime,126,8.0,US,142.0
UpHonest Capital,277,31.0,US,339.0
Google Ventures,1154,255.0,US,1664.0
Bling Capital,139,7.0,US,153.0
IAG Capital Partners,47,2.0,US,51.0
Launch NY,174,4.0,US,182.0
Goodwater Capital,770,24.0,US,818.0
Paladin Capital Group,176,50.0,US,276.0
Primary Venture Partners,183,31.0,US,245.0
New Enterprise Associates,2212,605.0,US,3422.0
Goldman Sachs,1073,403.0,US,1879.0
LAUNCH,555,54.0,US,663.0
Oregon Venture Fund,77,21.0,US,119.0
Oak HC/FT,148,23.0,US,194.0
1Up Ventures,54,,US,
Redbeard Ventures,43,3.0,US,49.0
S3 Ventures,105,22.0,US,149.0
BioAdvance,196,20.0,US,236.0
Connecticut Innovations,323,52.0,US,427.0
Samsung NEXT,349,39.0,US,427.0
Spark Capital,579,105.0,US,789.0
Ceras Ventures,31,,US,
Human Capital,122,7.0,US,136.0
Visa,115,28.0,US,171.0
Founder Collective,506,149.0,US,804.0
Mana Ventures,89,3.0,US,95.0
6th Man Ventures,130,2.0,US,134.0
Big Idea Ventures,139,6.0,US,151.0
KdT Ventures,74,3.0,US,80.0
Madrona,520,105.0,US,730.0
Fusion Fund,113,10.0,US,133.0
nvp capital,143,17.0,US,177.0
FirstMark,380,58.0,US,496.0
Sofinnova Investments,303,119.0,US,541.0
CMT Digital,148,4.0,US,156.0
Framework Ventures,127,,US,
Hashed,235,5.0,US,245.0
Draper Associates,398,64.0,US,526.0
Franklin Templeton,211,66.0,US,343.0
Newchip Accelerator,1293,11.0,US,1315.0
QED Investors,348,40.0,US,428.0
Index Ventures,1177,255.0,US,1687.0
Village Capital,357,23.0,US,403.0
Volition Capital,80,21.0,US,122.0
Founders Fund,923,153.0,US,1229.0
Zeev Ventures,105,8.0,US,121.0
mHUB,45,,US,
Tiger Global Management,1189,155.0,US,1499.0
Base10 Partners,120,4.0,US,128.0
TQ Ventures,125,11.0,US,147.0
Ecosystem Integrity Fund,53,6.0,US,65.0
RevRoad,56,,US,
SaaS Ventures,116,11.0,US,138.0
IVP,393,132.0,US,657.0
City Light Capital,194,20.0,US,234.0
Tapestry VC,64,5.0,US,74.0
CRV,696,166.0,US,1028.0
New Markets Venture Partners,53,15.0,US,83.0
Amplo,66,2.0,US,70.0
Samsara BioCapital,144,63.0,US,270.0
Blue Bear Capital,62,4.0,US,70.0
Pareto Holdings,493,45.0,US,583.0
Ten Eleven Ventures,84,18.0,US,120.0
Celesta Capital,173,17.0,US,207.0
Paradigm,117,6.0,US,129.0
Kleiner Perkins,1430,338.0,US,2106.0
Ryze Labs,53,1.0,US,55.0
SAV (Scale Asia Ventures),53,5.0,US,63.0
Construct Capital,40,,US,
Five Elms Capital,85,19.0,US,123.0
RPM Ventures,92,21.0,US,134.0
Quiet Capital,361,28.0,US,417.0
1984 Ventures,111,5.0,US,121.0
Biotechnology Value Fund,155,84.0,US,323.0
Dragoneer Investment Group,184,49.0,US,282.0
AgFunder,131,6.0,US,143.0
Branded Strategic Hospitality,38,5.0,US,48.0
Caffeinated Capital,183,12.0,US,207.0
Benchmark,696,193.0,US,1082.0
Unlock Venture Partners,79,6.0,US,91.0
Almaz Capital,97,19.0,US,135.0
Reach Capital,142,18.0,US,178.0
Contrary,86,4.0,US,94.0
CincyTech,147,21.0,US,189.0
Frazier Life Sciences,37,20.0,US,77.0
Ben Franklin Technology Partners of Southeastern Pennsylvania,230,42.0,US,314.0
Zetta Venture Partners,98,12.0,US,122.0
Emergence,234,51.0,US,336.0
Fifth Wall,173,14.0,US,201.0
Bain Capital Ventures,667,136.0,US,939.0
Galaxy Interactive,122,6.0,US,134.0
Venrock Healthcare Capital Partners,72,49.0,US,170.0
FJ Labs,1497,98.0,US,1693.0
Mayfield Fund,686,196.0,US,1078.0
Right Side Capital Management,1378,207.0,US,1792.0
BlueRun Ventures,215,41.0,US,297.0
Apple Tree Partners,62,16.0,US,94.0
SOSV,2816,78.0,US,2972.0
Bee Partners,126,17.0,US,160.0
BLH Venture Partners,60,8.0,US,76.0
Mercury,117,16.0,US,149.0
MGV,49,5.0,US,59.0
Icon Ventures,199,68.0,US,335.0
Origin Ventures,120,19.0,US,158.0
Slow Ventures,573,135.0,US,843.0
M25,173,22.0,US,217.0
Wavemaker 360,73,4.0,US,81.0
Trucks Venture Capital,72,7.0,US,86.0
Robot Ventures,124,2.0,US,128.0
Glasswing Ventures,68,9.0,US,86.0
Sixth Street,71,22.0,US,115.0
Blockchain Capital,175,14.0,US,203.0
Good Growth Capital,100,2.0,US,104.0
Neo,114,5.0,US,124.0
Felicis,657,165.0,US,987.0
Catalio Capital Management,79,15.0,US,109.0
Capital One Ventures,116,23.0,US,162.0
Vertex Ventures US,63,12.0,US,87.0
Evergreen Climate Innovations,45,5.0,US,55.0
MicroVentures,37,9.0,US,55.0
UP Partners,30,,US,
One Way Ventures,97,9.0,US,115.0
Symbolic Capital,32,,US,
Keiretsu Capital,278,17.0,US,312.0
Citi Ventures,231,43.0,US,317.0
Next Coast Ventures,103,11.0,US,125.0
Type One Ventures,35,1.0,US,37.0
Rockefeller Foundation,34,1.0,US,36.0
Bankless Ventures,40,,US,
500 Emerging Europe,59,5.0,US,69.0
Zigg Capital,52,2.0,US,56.0
Vivo Capital,220,107.0,US,434.0
Defy.vc,100,10.0,US,120.0
Inspired Capital Partners,73,3.0,US,79.0
GFR Fund,72,5.0,US,82.0
Airbus Ventures,91,9.0,US,109.0
Everywhere Ventures,358,13.0,US,384.0
NGP Capital,176,50.0,US,276.0
Karman Ventures (fka Moving Capital),179,11.0,US,201.0
Correlation Ventures,396,82.0,US,560.0
Nomad Capital,30,,US,
Polaris Partners,736,193.0,US,1122.0
Redwood Ventures,41,2.0,US,45.0
Nyca Partners,158,17.0,US,192.0
Dragonfly,153,5.0,US,163.0
Exact Sciences,49,1.0,US,51.0
Scrum Ventures,104,15.0,US,134.0
Redpoint,773,169.0,US,1111.0
Blu Venture Investors,103,9.0,US,121.0
Tau Ventures,64,4.0,US,72.0
TMV,62,8.0,US,78.0
Clean Energy Ventures,55,,US,
Better Ventures,83,7.0,US,97.0
a16z crypto,124,,US,
Will Ventures,37,,US,
dao5,50,,US,
Closed Loop Partners,37,1.0,US,39.0
Optum Ventures,87,10.0,US,107.0
Anzu Partners,73,5.0,US,83.0
XYZ Venture Capital,102,1.0,US,104.0
CapitalG,125,28.0,US,181.0
Sierra Ventures,419,93.0,US,605.0
WestCap,61,4.0,US,69.0
ParaFi Capital,120,2.0,US,124.0
TTV Capital,147,20.0,US,187.0
Thomvest Ventures,134,32.0,US,198.0
Capital Factory,214,30.0,US,274.0
M13,157,26.0,US,209.0
Silversmith Capital Partners,53,13.0,US,79.0
Third Rock Ventures,141,40.0,US,221.0
Finaventures,41,12.0,US,65.0
Curql,39,,US,
SV Health Investors,314,92.0,US,498.0
The Helm,30,1.0,US,32.0
Blue Collective,78,20.0,US,118.0
What If Ventures,86,5.0,US,96.0
GingerBread Capital,55,7.0,US,69.0
SV Angel,1445,465.0,US,2375.0
H20 Capital,53,1.0,US,55.0
Rock Health Capital,110,23.0,US,156.0
K5 Global,184,10.0,US,204.0
Soma Capital,526,46.0,US,618.0
SpringTime Ventures,49,2.0,US,53.0
Chapter One Ventures,64,5.0,US,74.0
Village Global,359,19.0,US,397.0
Canapi Ventures,42,2.0,US,46.0
7wire Ventures,72,4.0,US,80.0
HighSage Ventures,35,2.0,US,39.0
Kaleo Ventures,48,,US,
Castle Island Ventures,96,3.0,US,102.0
Lerer Hippeau,655,167.0,US,989.0
Stage 2 Capital,69,4.0,US,77.0
Kapor Capital,280,60.0,US,400.0
Palm Drive Capital,112,17.0,US,146.0
AlleyCorp,132,11.0,US,154.0
Lightbank,200,44.0,US,288.0
Basis Set Ventures,84,6.0,US,96.0
Access Ventures,60,2.0,US,64.0
South Park Commons,120,7.0,US,134.0
Big Brain Holdings,147,,US,
Branded Hospitality Ventures,42,5.0,US,52.0
Electric Capital,106,3.0,US,112.0
645 Ventures,113,22.0,US,157.0
Venrock,818,277.0,US,1372.0
Freestyle Capital,216,47.0,US,310.0
Elevar Equity,79,8.0,US,95.0
Wayfinder Ventures,56,3.0,US,62.0
Las Olas Venture Capital,50,2.0,US,54.0
U.S. Venture Partners,579,158.0,US,895.0
Hyde Park Venture Partners,177,42.0,US,261.0
Work-Bench,71,14.0,US,99.0
Safar Partners,65,3.0,US,71.0
Eclipse Ventures,170,18.0,US,206.0
Emerson Collective,138,21.0,US,180.0
1517 Fund,109,7.0,US,123.0
Versant Ventures,379,109.0,US,597.0
Acrew Capital,131,5.0,US,141.0
Obvious Ventures,165,17.0,US,199.0
SR One,194,59.0,US,312.0
Innospark Ventures,51,3.0,US,57.0
Third Point Ventures,105,31.0,US,167.0
Mighty Capital,31,7.0,US,45.0
Lux Capital,511,59.0,US,629.0
Flex Capital,34,2.0,US,38.0
Cultivation Capital,227,36.0,US,299.0
Fenway Summer Ventures,66,8.0,US,82.0
CircleUp,96,13.0,US,122.0
Side Door Ventures,52,2.0,US,56.0
Rally Ventures,136,26.0,US,188.0
J2 Ventures,31,,US,
Long Journey Ventures,80,7.0,US,94.0
Tribe Capital,231,9.0,US,249.0
Rockies Venture Club,77,8.0,US,93.0
Bain Capital,144,64.0,US,272.0
Dorm Room Fund,212,28.0,US,268.0
Battery Ventures,860,216.0,US,1292.0
SineWave Ventures,36,5.0,US,46.0
RET Ventures,55,4.0,US,63.0
Oceans,58,3.0,US,64.0
Climate Pledge Fund,44,1.0,US,46.0
Jefferies,43,15.0,US,73.0
Wing Venture Capital,183,24.0,US,231.0
Social Discovery Group,34,5.0,US,44.0
Variant,54,1.0,US,56.0
JAM FINTOP,31,4.0,US,39.0
Amino Capital,160,20.0,US,200.0
Rethink Impact,56,5.0,US,66.0
Revolution,264,72.0,US,408.0
Florida Funders,120,5.0,US,130.0
StartUp Health,390,33.0,US,456.0
AF Ventures,42,4.0,US,50.0
Fledge,89,,US,
Network.VC,58,5.0,US,68.0
Two Sigma Ventures,210,24.0,US,258.0
Soleus Capital,62,32.0,US,126.0
focal,40,1.0,US,42.0
URBAN-X,87,6.0,US,99.0
Future Africa,74,1.0,US,76.0
Avenir,51,5.0,US,61.0
Digitalis Ventures,75,3.0,US,81.0
AllianceBernstein,51,23.0,US,97.0
Makers Fund,118,13.0,US,144.0
Upward,31,1.0,US,33.0
Garage Capital,93,2.0,US,97.0
Builders VC,86,10.0,US,106.0
WestWave Capital,87,15.0,US,117.0
Golub Capital,41,17.0,US,75.0
Folius Ventures,57,1.0,US,59.0
LDV Capital,49,9.0,US,67.0
Peterson Ventures,240,25.0,US,290.0
Maven Ventures,96,14.0,US,124.0
Altira Group,39,10.0,US,59.0
Archetype,53,2.0,US,57.0
Berkeley SkyDeck Fund,125,4.0,US,133.0
Joyance Partners,86,7.0,US,100.0
Pangaea Ventures,66,5.0,US,76.0
Afore Capital,177,10.0,US,197.0
Synetro Group,48,3.0,US,54.0
Swift Ventures,38,1.0,US,40.0
Titanium Ventures,131,35.0,US,201.0
iSelect Fund,79,6.0,US,91.0
Congruent Ventures,116,4.0,US,124.0
GTMfund,118,5.0,US,128.0
Susquehanna International Group (SIG),140,13.0,US,166.0
Texas HALO Fund,89,3.0,US,95.0
Ludlow Ventures,166,32.0,US,230.0
Switch Ventures,65,16.0,US,97.0
HealthX Ventures,43,4.0,US,51.0
Able Partners,71,8.0,US,87.0
Greylock,883,268.0,US,1419.0
Harpoon,31,5.0,US,41.0
Boost VC,315,34.0,US,383.0
YL Ventures,62,13.0,US,88.0
Company Ventures,88,9.0,US,106.0
HOF Capital,110,6.0,US,122.0
True Ventures,727,118.0,US,963.0
Decheng Capital,91,24.0,US,139.0
Longitude Capital,124,39.0,US,202.0
Adapt Ventures,48,4.0,US,56.0
Tech Square Ventures,124,5.0,US,134.0
Cota Capital,198,32.0,US,262.0
BDev Ventures,43,2.0,US,47.0
Grand Ventures,38,3.0,US,44.0
Initialized Capital,532,101.0,US,734.0
Underscore VC,87,11.0,US,109.0
GreatPoint Ventures,117,8.0,US,133.0
IGNIA,76,7.0,US,90.0
137 Ventures,40,17.0,US,74.0
DNX Ventures,262,34.0,US,330.0
The MBA Fund,67,6.0,US,79.0
IA Capital Group,82,21.0,US,124.0
Logos Capital,125,74.0,US,273.0
HPA (Hyde Park Angels),147,25.0,US,197.0
Umami Capital,37,1.0,US,39.0
Western Technology Investment,404,142.0,US,688.0
Bullish,69,12.0,US,93.0
BioGenerator,79,8.0,US,95.0
Rock Springs Capital,149,97.0,US,343.0
Compound,226,59.0,US,344.0
American Express Ventures,173,40.0,US,253.0
Moxxie Ventures,43,2.0,US,47.0
RSE Ventures,42,15.0,US,72.0
Navitas Capital,73,10.0,US,93.0
Kindred Ventures,114,9.0,US,132.0
Xfund,69,10.0,US,89.0
Koch Disruptive Technologies,72,4.0,US,80.0
Refactor,90,10.0,US,110.0
Sequoia Scout,45,5.0,US,55.0
FM Capital,41,6.0,US,53.0
MaC Venture Capital,239,20.0,US,279.0
Sway Ventures,84,23.0,US,130.0
Breakout Ventures,34,2.0,US,38.0
Hatteras Venture Partners,116,25.0,US,166.0
Scale Venture Partners,311,81.0,US,473.0
Susa Ventures,248,27.0,US,302.0
Chingona Ventures,46,4.0,US,54.0
Advantage Capital,1132,123.0,US,1378.0
Race Capital,42,1.0,US,44.0
Kraken Ventures,51,,US,
Ribbit Capital,234,21.0,US,276.0
Flare Capital Partners,84,12.0,US,108.0
Redmile Group,181,93.0,US,367.0
Upfront Ventures,414,81.0,US,576.0
Munich Re Ventures,84,6.0,US,96.0
MassVentures,435,79.0,US,593.0
Ground Up Ventures,45,4.0,US,53.0
DCVC,512,106.0,US,724.0
Second Century Ventures,213,25.0,US,263.0
Glade Brook Capital Partners,45,15.0,US,75.0
Fusion,74,5.0,US,84.0
Graph Ventures,163,29.0,US,221.0
ACME Capital,197,63.0,US,323.0
Konvoy,53,3.0,US,59.0
SciFi VC,64,3.0,US,70.0
Cathay Innovation,134,12.0,US,158.0
TCG,119,25.0,US,169.0
Forgepoint Capital,68,16.0,US,100.0
gumi Cryptos Capital (gCC),84,,US,
Service Provider Capital,224,57.0,US,338.0
Hike Ventures,43,2.0,US,47.0
Sageview Capital,48,13.0,US,74.0
Gradient,244,26.0,US,296.0
Atlas Venture,611,188.0,US,987.0
Better Capital,163,6.0,US,175.0
Arthur Ventures,86,16.0,US,118.0
Acumen,135,4.0,US,143.0
Cervin Ventures,84,14.0,US,112.0
Prelude Ventures,148,14.0,US,176.0
LiveOak Ventures,120,17.0,US,154.0
Casdin Capital,228,74.0,US,376.0
Moneta Ventures,48,4.0,US,56.0
Alzheimer's Drug Discovery Foundation,47,8.0,US,63.0
Jump Capital,164,35.0,US,234.0
Blackhorn Ventures,91,7.0,US,105.0
Aliment Capital,39,4.0,US,47.0
Script Capital,51,9.0,US,69.0
Shrug Capital,99,9.0,US,117.0
Hyphen Capital,79,4.0,US,87.0
Route 66 Ventures,82,15.0,US,112.0
G Squared,104,32.0,US,168.0
Kickstart,237,32.0,US,301.0
Strong Ventures,300,6.0,US,312.0
Breyer Capital,170,15.0,US,200.0
Transcend Fund,33,2.0,US,37.0
TruStage Ventures,36,4.0,US,44.0
Wireframe Ventures,47,2.0,US,51.0
VMG Partners,50,7.0,US,64.0
Foundry Group,361,82.0,US,525.0
Green Sands Equity,33,8.0,US,49.0
Necessary Ventures,36,3.0,US,42.0
Agent Capital,47,11.0,US,69.0
boldstart ventures,200,31.0,US,262.0
Precursor Ventures,433,43.0,US,519.0
LEAD,39,1.0,US,41.0
Sorenson Capital,87,27.0,US,141.0
Section 32,121,21.0,US,163.0
Neotribe Ventures,71,8.0,US,87.0
Northpond Ventures,119,16.0,US,151.0
K1 Investment Management,71,23.0,US,117.0
9Yards Capital,106,8.0,US,122.0
Left Lane Capital,101,3.0,US,107.0
Tekton Ventures,117,19.0,US,155.0
Threshold,155,20.0,US,195.0
Maverick Ventures,193,39.0,US,271.0
Converge,46,10.0,US,66.0
At One Ventures,51,,US,
Tuesday Capital,315,102.0,US,519.0
Amity Ventures,48,5.0,US,58.0
EcoR1 Capital,124,76.0,US,276.0
Mucker Capital,276,19.0,US,314.0
Engineering Capital,72,9.0,US,90.0
SNZ Holding,94,1.0,US,96.0
PeakSpan Capital,54,8.0,US,70.0
G2 Venture Partners,46,5.0,US,56.0
Scout Ventures,121,27.0,US,175.0
Highland Capital Partners,503,149.0,US,801.0
Tola Capital,69,16.0,US,101.0
Manhattan Venture Partners (MVP),66,23.0,US,112.0
Jackson Square Ventures,94,18.0,US,130.0
Primitive Ventures,30,,US,
Carya Venture Partners,30,,US,
TDF Ventures,114,28.0,US,170.0
Activant Capital,74,9.0,US,92.0
Cross Creek,79,43.0,US,165.0
Counterview Capital,39,10.0,US,59.0
The Engine,76,1.0,US,78.0
Collaborative Fund,338,59.0,US,456.0
Allen & Company,178,68.0,US,314.0
Contour Venture Partners,182,28.0,US,238.0
FinTech Collective,127,12.0,US,151.0
Moment Ventures,49,10.0,US,69.0
Inflection.xyz,38,,US,
Longwood Fund,62,16.0,US,94.0
Homebrew,207,41.0,US,289.0
Springbank Collective,36,3.0,US,42.0
Industry Ventures,197,40.0,US,277.0
DeepWork Capital,73,6.0,US,85.0
Altos Ventures,361,43.0,US,447.0
The Argentum Group,46,16.0,US,78.0
Golden Seeds,115,14.0,US,143.0
Firestreak Ventures,49,,US,
Firsthand.vc,48,,US,
Progression Fund,38,3.0,US,44.0
Link Ventures,48,5.0,US,58.0
Equal Ventures,31,,US,
Accion Venture Lab,109,8.0,US,125.0
FUSE,41,1.0,US,43.0
Inventus Capital Partners,57,16.0,US,89.0
Perot Jain,43,4.0,US,51.0
Activate Capital Partners,33,4.0,US,41.0
Brick & Mortar Ventures,79,13.0,US,105.0
Max Ventures,93,15.0,US,123.0
Brand Foundry Ventures,85,6.0,US,97.0
Renegade Partners,31,1.0,US,33.0
Recursive Ventures,47,10.0,US,67.0
Poseidon Asset Management,43,7.0,US,57.0
Volt Capital,44,,US,
Flying Fish Partners,59,4.0,US,67.0
Maveron,303,76.0,US,455.0
Anorak Ventures,96,7.0,US,110.0
Acequia Capital (AceCap),470,53.0,US,576.0
Solana Ventures,90,2.0,US,94.0
Mango Capital,89,9.0,US,107.0
Haystack,205,37.0,US,279.0
Collab+Currency,81,2.0,US,85.0
SVG Ventures,215,10.0,US,235.0
The House Fund,92,14.0,US,120.0
Alta Partners,276,86.0,US,448.0
Walden International,288,64.0,US,416.0
Alpha Edison,102,9.0,US,120.0
Hypersphere Ventures,91,1.0,US,93.0
Commerce Ventures,190,19.0,US,228.0
FinSight Ventures,52,14.0,US,80.0
Wave Digital Assets,90,3.0,US,96.0
Waterfall Asset Management,31,6.0,US,43.0
Liquid 2 Ventures,912,75.0,US,1062.0
Grotech Ventures,207,51.0,US,309.0
Silverton Partners,203,38.0,US,279.0
Torch Capital,78,4.0,US,86.0
Bowery Capital,95,15.0,US,125.0
I2BF Global Ventures,128,13.0,US,154.0
VU Venture Partners,78,3.0,US,84.0
Shasta Ventures,429,95.0,US,619.0
.406 Ventures,197,34.0,US,265.0
Addition,122,8.0,US,138.0
Costanoa Ventures,205,23.0,US,251.0
Playground Global,116,16.0,US,148.0
MANTIS Venture Capital,78,5.0,US,88.0
ANIMO Ventures,85,2.0,US,89.0
Foundation Capital,753,176.0,US,1105.0
EnerTech Capital,76,20.0,US,116.0
Sozo Ventures,61,11.0,US,83.0
Climate Capital,95,,US,
Signal Peak Ventures,80,17.0,US,114.0
Green Visor Capital,58,11.0,US,80.0
FINTOP Capital,62,10.0,US,82.0
Asymmetric Capital Partners,49,3.0,US,55.0
Plus Capital,41,10.0,US,61.0
Operator Partners,154,11.0,US,176.0
J-Ventures,53,6.0,US,65.0
Pillar VC,119,13.0,US,145.0
Omega Funds,142,66.0,US,274.0
Thayer Ventures,59,8.0,US,75.0
Blizzard Fund,56,2.0,US,60.0
Florida Opportunity Fund,66,9.0,US,84.0
Translink Capital,161,30.0,US,221.0
SE Ventures,39,4.0,US,47.0
DHVC,204,36.0,US,276.0
Toba Capital,125,29.0,US,183.0
Sputnik ATX,117,2.0,US,121.0
Trinity Ventures,471,149.0,US,769.0
EPIC Ventures,200,43.0,US,286.0
TRAC,80,5.0,US,90.0
KB Partners,68,11.0,US,90.0
Album VC,108,16.0,US,140.0
Firebolt Ventures,80,11.0,US,102.0
Endeavor Catalyst,355,44.0,US,443.0
Slauson & Co.,32,2.0,US,36.0
Trident Capital,217,78.0,US,373.0
Revelation Partners,48,11.0,US,70.0
Great Oaks Venture Capital,474,111.0,US,696.0
Bold Capital Partners,106,5.0,US,116.0
CMS Holdings,144,2.0,US,148.0
Raine Ventures,84,16.0,US,116.0
ATX Venture Partners,107,9.0,US,125.0
Bolt,107,15.0,US,137.0
Primetime Partners,38,,US,
(ERA) Entrepreneurs Roundtable Accelerator,395,35.0,US,465.0
Tribeca Venture Partners,127,17.0,US,161.0
Third Sphere,135,10.0,US,155.0
Trajectory Ventures,113,8.0,US,129.0
Second Avenue Partners,55,7.0,US,69.0
Augment Ventures,40,5.0,US,50.0
VITALIZE Venture Capital,58,4.0,US,66.0
DFJ Growth,140,35.0,US,210.0
Ignition Partners,315,94.0,US,503.0
First Star Ventures,53,9.0,US,71.0
J Ventures,45,5.0,US,55.0
Raptor Group,73,7.0,US,87.0
Fifty Years,148,6.0,US,160.0
Arsenal Growth Equity,44,14.0,US,72.0
SOFTBANK Latin America Ventures,54,6.0,US,66.0
JFF Ventures,31,1.0,US,33.0
DCM Ventures,643,138.0,US,919.0
Moderne Ventures,104,25.0,US,154.0
XRC Ventures,164,10.0,US,184.0
The Westly Group,101,23.0,US,147.0
Advancit Capital,162,40.0,US,242.0
Red Swan Ventures,88,37.0,US,162.0
The Blue Venture Fund,99,22.0,US,143.0
The Venture Collective,45,1.0,US,47.0
BAM Ventures,157,37.0,US,231.0
Serena Ventures,68,8.0,US,84.0
Tudor Investments,48,16.0,US,80.0
Artis Ventures (AV),127,30.0,US,187.0
Rho Capital Partners,115,43.0,US,201.0
Rhapsody Venture Partners,40,,US,
AME Cloud Ventures,309,80.0,US,469.0
Learn Capital,164,30.0,US,224.0
WiL (World Innovation Lab),155,21.0,US,197.0
Globevestor,31,4.0,US,39.0
Canaan Partners,799,167.0,US,1133.0
Xplorer Capital,39,10.0,US,59.0
Future Ventures,49,4.0,US,57.0
Nvidia Inception,37,1.0,US,39.0
LvlUp Ventures,32,1.0,US,34.0
Cottonwood Technology Fund,67,4.0,US,75.0
Allos Ventures,106,13.0,US,132.0
K Street Capital,84,7.0,US,98.0
Valar Ventures,170,21.0,US,212.0
MissionOG,67,16.0,US,99.0
Creative Ventures,60,4.0,US,68.0
Sopris Capital Associates,50,19.0,US,88.0
Redbud VC,30,1.0,US,32.0
Surface Ventures,42,3.0,US,48.0
TCG Crossover,54,31.0,US,116.0
OUP (Osage University Partners),216,58.0,US,332.0
Fuel Capital,144,30.0,US,204.0
Grishin Robotics,42,11.0,US,64.0
Geek Ventures,43,1.0,US,45.0
DARPA,42,8.0,US,58.0
ClearSky,83,33.0,US,149.0
Propel,60,12.0,US,84.0
Revolution Growth,62,14.0,US,90.0
L'ATTITUDE Ventures,31,3.0,US,37.0
Greycroft,812,139.0,US,1090.0
Buckley Ventures,48,3.0,US,54.0
Digital Sandbox KC,30,2.0,US,34.0
Luxor Capital Group,44,9.0,US,62.0
NightDragon,30,4.0,US,38.0
Ascend,80,6.0,US,92.0
Eventide,48,24.0,US,96.0
Unshackled Ventures,78,5.0,US,88.0
Heritage Group,54,18.0,US,90.0
Markd,30,,US,
Windham Venture Partners,60,11.0,US,82.0
Bain Capital Life Sciences,91,48.0,US,187.0
5AM Ventures,195,59.0,US,313.0
C2 Ventures,66,11.0,US,88.0
Salesforce,68,14.0,US,96.0
Montage Ventures,102,12.0,US,126.0
Burst Capital,38,3.0,US,44.0
Resolute Ventures,183,35.0,US,253.0
Missouri Technology Corporation,118,8.0,US,134.0
Brooklyn Bridge Ventures,118,21.0,US,160.0
Gold House Ventures,32,,US,
Primer Sazze Partners,117,3.0,US,123.0
Zero Prime Ventures,68,5.0,US,78.0
Nascent,50,,US,
August Capital,292,83.0,US,458.0
Alpaca VC,113,19.0,US,151.0
Decibel Partners,45,4.0,US,53.0
Presight Capital,96,13.0,US,122.0
Rand Capital,48,15.0,US,78.0
Rising Tide,70,15.0,US,100.0
Crosscut Ventures,159,26.0,US,211.0
25madison,54,3.0,US,60.0
NFX,403,36.0,US,475.0
The Venture Reality Fund/VRF,60,7.0,US,74.0
Drive Capital,139,20.0,US,179.0
TheVentureCity,134,8.0,US,150.0
WAGMI Ventures,60,1.0,US,62.0
Upekkha AI SaaS Accelerator,56,,US,
Tusk Venture Partners,74,9.0,US,92.0
Evolution Ventures,60,2.0,US,64.0
Beringea,176,34.0,US,244.0
Soros Fund Management,67,22.0,US,111.0
Root Ventures,92,5.0,US,102.0
Goldcrest Capital,50,4.0,US,58.0
Zeno Partners,52,3.0,US,58.0
Clear Ventures,72,25.0,US,122.0
MPM Capital,299,100.0,US,499.0
Wedbush Ventures,31,1.0,US,33.0
Silas Capital,45,6.0,US,57.0
Human Ventures,99,8.0,US,115.0
Providence Ventures,31,8.0,US,47.0
Fontinalis Partners,106,19.0,US,144.0
Guild Capital,31,9.0,US,49.0
HealthQuest Capital,48,14.0,US,76.0
Incisive Ventures,59,4.0,US,67.0
Arboretum Ventures,105,24.0,US,153.0
"Founders, Inc.",75,4.0,US,83.0
01 Advisors,53,1.0,US,55.0
Portfolia,132,14.0,US,160.0
Pivotal bioVenture Partners,35,18.0,US,71.0
Expansion Venture Capital,127,29.0,US,185.0
Mousse Partners,65,15.0,US,95.0
BIP Ventures,59,5.0,US,69.0
Reciprocal Ventures,54,5.0,US,64.0
Unpopular Ventures,408,9.0,US,426.0
Baird Capital,176,50.0,US,276.0
Riverside Acceleration Capital,45,3.0,US,51.0
FoundersX Ventures,55,5.0,US,65.0
Interplay,62,6.0,US,74.0
TechNexus Venture Collaborative,259,19.0,US,297.0
Group 11,64,6.0,US,76.0
Balance Point Capital Partners,53,19.0,US,91.0
Frist Cressey Ventures,48,8.0,US,64.0
Rocketship.vc,81,9.0,US,99.0
Energy Impact Partners,147,19.0,US,185.0
Groove Capital,98,3.0,US,104.0
Female Founders Fund,104,17.0,US,138.0
Day One Ventures,101,11.0,US,123.0
HearstLab,74,3.0,US,80.0
Chevron Technology Ventures,147,27.0,US,201.0
GoAhead Ventures,68,5.0,US,78.0
Avidity Partners,65,34.0,US,133.0
Riot Ventures,32,3.0,US,38.0
Watertower Ventures,44,9.0,US,62.0
Civilization Ventures,60,6.0,US,72.0
Red Sea Ventures,104,22.0,US,148.0
Mithril Capital Management,60,13.0,US,86.0
RiverPark Ventures,216,24.0,US,264.0
JetBlue Ventures,57,8.0,US,73.0
Evolution VC Partners,152,28.0,US,208.0
The Column Group,120,21.0,US,162.0
Greenoaks,141,9.0,US,159.0
Morpheus Ventures,47,6.0,US,59.0
Delta Blockchain Fund,60,2.0,US,64.0
Lorimer Ventures,68,2.0,US,72.0
Listen,49,10.0,US,69.0
Rebel Fund,154,6.0,US,166.0
G9 Ventures,32,1.0,US,34.0
Lincoln Park Capital Fund,32,29.0,US,90.0
Rough Draft Ventures,155,28.0,US,211.0
Blisce,42,8.0,US,58.0
Define Ventures,42,,US,
Corazon Capital,95,15.0,US,125.0
Unusual Ventures,130,13.0,US,156.0
Motley Fool Ventures,48,3.0,US,54.0
Powerhouse Ventures,44,4.0,US,52.0
Social Starts,441,75.0,US,591.0
Asymmetry Ventures,208,6.0,US,220.0
Amgen Ventures,117,36.0,US,189.0
MCJ,72,,US,
Sovereign’s Capital,79,9.0,US,97.0
Echo Health Ventures,53,4.0,US,61.0
UpWest,116,29.0,US,174.0
AperiamVentures,69,11.0,US,91.0
Castor Ventures,169,27.0,US,223.0
The Draper Richards Kaplan Foundation,196,29.0,US,254.0
Rose Park Advisors,67,7.0,US,81.0
Angeleno Group,36,10.0,US,56.0
Flyover Capital,56,7.0,US,70.0
ValueStream Ventures,60,14.0,US,88.0
Innovation Endeavors,254,47.0,US,348.0
Pappas Capital,32,9.0,US,50.0
BootstrapLabs,56,8.0,US,72.0
Starlight Ventures,50,5.0,US,60.0
Frontier Growth,58,32.0,US,122.0
f7 Ventures,35,3.0,US,41.0
Team Ignite Ventures,121,2.0,US,125.0
Ospraie Ag Sciences,31,5.0,US,41.0
Momentum 6,114,1.0,US,116.0
Flori Ventures,90,,US,
Sahsen Ventures,82,21.0,US,124.0
VoLo Earth Ventures,34,1.0,US,36.0
Social Impact Capital,47,2.0,US,51.0
Mercato Partners,46,14.0,US,74.0
New Stack Ventures,68,5.0,US,78.0
GGV Capital,487,49.0,US,585.0
Camber Creek,69,16.0,US,101.0
AV8 Ventures,50,3.0,US,56.0
Companyon Ventures,34,2.0,US,38.0
Cascade Seed Fund,61,8.0,US,77.0
Omega Venture Partners,33,10.0,US,53.0
Struck Capital,95,7.0,US,109.0
Shanda Group,35,3.0,US,41.0
Town Hall Ventures,43,2.0,US,47.0
Pantera Capital,253,22.0,US,297.0
Blumberg Capital,253,53.0,US,359.0
Matchstick Ventures,130,14.0,US,158.0
CSC Upshot,316,74.0,US,464.0
Vanterra Capital,34,6.0,US,46.0
Base Ventures,107,24.0,US,155.0
AAF Management Ltd.,132,22.0,US,176.0
Genblock Capital,120,,US,
SVB Capital,74,12.0,US,98.0
DRW Venture Capital,47,5.0,US,57.0
G20 Ventures,49,8.0,US,65.0
Preface Ventures,35,1.0,US,37.0
Grayhawk Capital,45,11.0,US,67.0
Calibrate Ventures,37,3.0,US,43.0
Evolution Equity Partners,71,15.0,US,101.0
iSeed Ventures,35,9.0,US,53.0
North Bridge Venture Partners & Growth Equity,422,113.0,US,648.0
Vast Ventures,91,33.0,US,157.0
Austin Ventures,392,120.0,US,632.0
Michigan Rise,123,2.0,US,127.0
Stout Street Capital,83,18.0,US,119.0
NEXT Frontier Capital,54,10.0,US,74.0
Advanced Technology Ventures,250,74.0,US,398.0
Sante Ventures,86,13.0,US,112.0
CoFound Partners,32,2.0,US,36.0
Next Level Ventures,31,3.0,US,37.0
American Family Ventures,77,10.0,US,97.0
TwentyTwo VC,47,2.0,US,51.0
Impact Engine,84,6.0,US,96.0
VantagePoint Capital Partners,273,96.0,US,465.0
Core Innovation Capital,96,17.0,US,130.0
Page One Ventures,60,3.0,US,66.0
Bracket Capital,42,13.0,US,68.0
One Planet Group,38,10.0,US,58.0
Osage Venture Partners,122,25.0,US,172.0
InterWest Partners,427,128.0,US,683.0
Heavybit,91,21.0,US,133.0
Aperture Venture Partners,61,25.0,US,111.0
Broadview Ventures,72,9.0,US,90.0
Rev1 Ventures,241,26.0,US,293.0
Weekend Fund,47,6.0,US,59.0
Peak 6,34,7.0,US,48.0
LionTree,82,22.0,US,126.0
ScOp Venture Capital,37,6.0,US,49.0
Rosecliff Ventures,72,9.0,US,90.0
Arrington XRP Capital,112,1.0,US,114.0
WI Harper Group,192,29.0,US,250.0
Harmony Partners,98,37.0,US,172.0
SeaX Ventures,32,,US,
Ride Ventures,35,5.0,US,45.0
Uncommon Denominator,30,8.0,US,46.0
Vulcan Capital,266,59.0,US,384.0
Avid Ventures,32,2.0,US,36.0
at.inc/,41,5.0,US,51.0
Valia Ventures,50,4.0,US,58.0
Spacecadet Ventures,79,5.0,US,89.0
Space Capital,77,6.0,US,89.0
TitletownTech,34,1.0,US,36.0
Dreamit Ventures,405,50.0,US,505.0
ICONIQ Capital,78,11.0,US,100.0
Martin Ventures,47,7.0,US,61.0
Noro-Moseley Partners,142,45.0,US,232.0
J. Hunt Holdings,164,22.0,US,208.0
Elysium Venture Capital,56,9.0,US,74.0
Mobius Venture Capital,149,45.0,US,239.0
January Ventures,41,1.0,US,43.0
Catalyst Investors,53,14.0,US,81.0
Illuminate Ventures,63,10.0,US,83.0
Sugar Capital,39,2.0,US,43.0
OVO Fund,45,5.0,US,55.0
Sandbox Industries,92,23.0,US,138.0
Morgenthaler Ventures,352,106.0,US,564.0
SeventySix Capital,54,9.0,US,72.0
Wonder Ventures,71,11.0,US,93.0
Material Impact,38,1.0,US,40.0
Amasia,91,10.0,US,111.0
Madrone Capital Partners,42,8.0,US,58.0
Commodore Capital,32,25.0,US,82.0
Lombardstreet Ventures,77,7.0,US,91.0
Geodesic Capital,65,11.0,US,87.0
Conversion Capital,63,15.0,US,93.0
McCarthy Capital,37,5.0,US,47.0
CapitalX,32,2.0,US,36.0
Vela Partners,39,3.0,US,45.0
Red Cedar Ventures,306,10.0,US,326.0
Blue Cloud Ventures,54,21.0,US,96.0
Differential Ventures,40,2.0,US,44.0
Zillionize,155,30.0,US,215.0
Altimeter Capital,105,28.0,US,161.0
Atreides Management,50,6.0,US,62.0
Capria Ventures,62,1.0,US,64.0
BBQ Capital,65,4.0,US,73.0
Lightstone Ventures,67,12.0,US,91.0
Silicon Badia,89,23.0,US,135.0
Sigma Partners,348,84.0,US,516.0
The Artemis Fund,34,2.0,US,38.0
Class 5 Global,36,2.0,US,40.0
Casa Verde Capital,38,3.0,US,44.0
Quest Venture Partners,107,22.0,US,151.0
Signia Venture Partners,117,28.0,US,173.0
1confirmation,46,1.0,US,48.0
Center for Innovative Technology,35,5.0,US,45.0
Verissimo Ventures,60,3.0,US,66.0
NewSchools Venture Fund,117,34.0,US,185.0
PROOF,90,20.0,US,130.0
Gutter Capital,45,4.0,US,53.0
Worklife,49,4.0,US,57.0
Bantam Group,167,36.0,US,239.0
AllegisCyber,123,32.0,US,187.0
Avalon Ventures,185,54.0,US,293.0
Innova Memphis,315,9.0,US,333.0
Golden Section,39,1.0,US,41.0
DFS Lab,40,3.0,US,46.0
Telegraph Hill Capital,67,12.0,US,91.0
NewView Capital,56,7.0,US,70.0
WP Global Partners,54,19.0,US,92.0
Colle Capital Partners,77,10.0,US,97.0
Yes VC,62,3.0,US,68.0
ff Venture Capital,374,34.0,US,442.0
Shangbay Capital,39,3.0,US,45.0
Hinge Capital,68,28.0,US,124.0
Banana Capital,55,4.0,US,63.0
PivotNorth Capital,63,11.0,US,85.0
Animal Capital,35,1.0,US,37.0
Energy Innovation Capital,48,5.0,US,58.0
RRE Ventures,601,131.0,US,863.0
Vida Ventures,58,17.0,US,92.0
Domain Associates,305,94.0,US,493.0
SpringRock Ventures,36,1.0,US,38.0
Eniac Ventures,317,64.0,US,445.0
Northgate Capital,120,49.0,US,218.0
Atento Capital,34,,US,
Olive Tree Capital,45,2.0,US,49.0
Active Capital,77,9.0,US,95.0
Flucas Ventures,97,3.0,US,103.0
Irving Investors,50,19.0,US,88.0
Schooner Capital,66,14.0,US,94.0
Canvas Ventures,104,15.0,US,134.0
Shea Ventures,70,25.0,US,120.0
Hi2 Venture Fund,40,1.0,US,42.0
JAM Fund,98,5.0,US,108.0
McKesson Ventures,50,12.0,US,74.0
Alloy Ventures,183,53.0,US,289.0
Dundee Venture Capital,90,13.0,US,116.0
PSL Ventures,53,2.0,US,57.0
VentureSouth,155,14.0,US,183.0
SemperVirens Venture Capital,51,1.0,US,53.0
Recharge Capital,56,9.0,US,74.0
WestSummit Capital,43,14.0,US,71.0
Advance Venture Partners,34,8.0,US,50.0
Green D Ventures,183,40.0,US,263.0
Flybridge,437,76.0,US,589.0
LDV Partners,36,4.0,US,44.0
MBX Capital,43,2.0,US,47.0
Backend Capital,54,3.0,US,60.0
Fuel Venture Capital,43,5.0,US,53.0
Genoa Ventures,35,4.0,US,43.0
Fika Ventures,97,6.0,US,109.0
DivcoWest,31,4.0,US,39.0
Lateral Frontiers,46,1.0,US,48.0
Acorn Pacific Ventures,30,3.0,US,36.0
Acre Venture Partners,44,1.0,US,46.0
Artiman Ventures,105,18.0,US,141.0
Arrowroot Capital Management,33,10.0,US,53.0
New Leaf Venture Partners,181,57.0,US,295.0
Placeholder,67,1.0,US,69.0
Knollwood Investment Advisory,45,4.0,US,53.0
Mohr Davidow Ventures,308,85.0,US,478.0
CAVU Consumer Partners,38,7.0,US,52.0
Ballast Point Ventures,46,8.0,US,62.0
Bienville Capital,74,11.0,US,96.0
Webb Investment Network,156,51.0,US,258.0
Asset Management Ventures (AMV),155,32.0,US,219.0
BIP Capital,73,15.0,US,103.0
Morningside Group,163,33.0,US,229.0
HLM Venture Partners,134,48.0,US,230.0
The Yield Lab,56,3.0,US,62.0
Plum Alley,41,3.0,US,47.0
Snowflake Ventures,41,4.0,US,49.0
Lemnos VC,52,9.0,US,70.0
European Innovation Council,1116,30.0,EU,1176.0
Innovate UK,1074,66.0,EU,1206.0
Crowdcube,1036,32.0,EU,1100.0
Global Founders Capital,992,93.0,EU,1178.0
HTGF | High-Tech Gruenderfonds,921,120.0,EU,1161.0
Hiventures,747,7.0,EU,761.0
Technology Development Fund,694,14.0,EU,722.0
Almi Invest,612,46.0,EU,704.0
Seedcamp,601,68.0,EU,737.0
Startup Wise Guys,593,10.0,EU,613.0
Partech,581,106.0,EU,793.0
Northstar Ventures,536,26.0,EU,588.0
Eight Roads Ventures,535,114.0,EU,763.0
Speedinvest,492,42.0,EU,576.0
3i Group,472,192.0,EU,856.0
Business Growth Fund,457,89.0,EU,635.0
HV Capital,454,90.0,EU,634.0
Entrepreneur First,448,32.0,EU,512.0
SoftBank Vision Fund,448,65.0,EU,578.0
Internet Initiatives Development Fund (IIDF),448,4.0,EU,456.0
Octopus Ventures,433,58.0,EU,549.0
Balderton Capital,427,83.0,EU,593.0
LocalGlobe,396,68.0,EU,532.0
Future Planet Capital,376,22.0,EU,420.0
Par Equity,371,16.0,EU,403.0
British International Investment,366,56.0,EU,478.0
Novo Holdings,360,97.0,EU,554.0
Sofinnova Partners,333,67.0,EU,467.0
Parkwalk Advisors,321,30.0,EU,381.0
Seedrs,318,22.0,EU,362.0
Tenity,316,9.0,EU,334.0
Eleven Ventures,315,6.0,EU,327.0
Portugal Ventures,315,30.0,EU,375.0
Picus Capital,307,14.0,EU,335.0
Northzone,306,48.0,EU,402.0
Ascension,293,23.0,EU,339.0
IP Group,288,31.0,EU,350.0
Earlybird Venture Capital,287,58.0,EU,403.0
Point Nine,284,42.0,EU,368.0
Amadeus Capital Partners,276,60.0,EU,396.0
Seventure Partners,275,67.0,EU,409.0
Vaekstfonden,260,38.0,EU,336.0
Novartis Venture Fund,258,72.0,EU,402.0
Creandum,256,39.0,EU,334.0
Anthemis,254,27.0,EU,308.0
Omnes Capital,251,92.0,EU,435.0
HBM Healthcare Investments,248,77.0,EU,402.0
b2venture,245,34.0,EU,313.0
Wellington Partners,244,60.0,EU,364.0
Bayern Kapital,241,28.0,EU,297.0
Rockstart,241,13.0,EU,267.0
Atomico,241,42.0,EU,325.0
IBB Ventures,240,38.0,EU,316.0
EIT Digital Accelerator,235,42.0,EU,319.0
Chalmers Ventures AB,234,13.0,EU,260.0
Verve Ventures,233,23.0,EU,279.0
Notion Capital,232,29.0,EU,290.0
Alven,227,37.0,EU,301.0
83North,227,34.0,EU,295.0
MMC Ventures,225,25.0,EU,275.0
Molten Ventures,220,50.0,EU,320.0
RTP Global,220,27.0,EU,274.0
Atlantic Labs,220,29.0,EU,278.0
Seed Capital,219,35.0,EU,289.0
360 Capital,218,44.0,EU,306.0
Target Global,216,24.0,EU,264.0
XAnge,216,37.0,EU,290.0
Cherry Ventures,215,18.0,EU,251.0
Ventech,213,49.0,EU,311.0
EIT InnoEnergy,211,5.0,EU,221.0
TA Ventures,209,44.0,EU,297.0
Project A Ventures,204,32.0,EU,268.0
Andera Partners,203,61.0,EU,325.0
EQT Ventures,203,20.0,EU,243.0
SICTIC,203,14.0,EU,231.0
Breakthrough Energy Ventures,201,5.0,EU,211.0
Innovation Capital,201,,EU,
Heartcore Capital,200,23.0,EU,246.0
Industrifonden,200,33.0,EU,266.0
Inveready,199,30.0,EU,259.0
Bethnal Green Ventures,198,3.0,EU,204.0
Elaia,197,40.0,EU,277.0
Aster,196,19.0,EU,234.0
Newfund,196,33.0,EU,262.0
Foresight Group,195,33.0,EU,261.0
Venrex,194,16.0,EU,226.0
Crédit Mutuel Equity,194,35.0,EU,264.0
Business Finland,192,14.0,EU,220.0
Salica,191,17.0,EU,225.0
Criteria Venture Tech,189,46.0,EU,281.0
KfW,188,49.0,EU,286.0
Gimv,188,60.0,EU,308.0
Oxford Capital,186,18.0,EU,222.0
Lakestar,184,27.0,EU,238.0
Abingworth,182,84.0,EU,350.0
APX,179,5.0,EU,189.0
Mangrove Capital Partners,175,27.0,EU,229.0
LAUNCHub Ventures,170,10.0,EU,190.0
Downing Ventures,170,20.0,EU,210.0
CDP Venture Capital,167,1.0,EU,169.0
Innovacom,167,44.0,EU,255.0
Binance Labs,165,,EU,
Lifeline Ventures,164,20.0,EU,204.0
Frontline Ventures,163,19.0,EU,201.0
Fuel Ventures,162,5.0,EU,172.0
Scottish Equity Partners,162,57.0,EU,276.0
Force Over Mass Capital,162,16.0,EU,194.0
Auriga Partners,162,40.0,EU,242.0
Act Venture Capital,162,58.0,EU,278.0
Cabiedes & Partners,160,23.0,EU,206.0
Firstminute Capital,159,9.0,EU,177.0
Techstart Ventures,159,7.0,EU,173.0
LVenture Group,159,6.0,EU,171.0
Nauta Capital,157,25.0,EU,207.0
Janus Henderson Investors,156,101.0,EU,358.0
GSR,155,1.0,EU,157.0
Rocket Internet,155,46.0,EU,247.0
redalpine,155,13.0,EU,181.0
Entrepreneur Venture,155,40.0,EU,235.0
Kinnevik,154,33.0,EU,220.0
7percent Ventures,154,12.0,EU,178.0
IQ Capital,153,17.0,EU,187.0
Inventure,153,19.0,EU,191.0
Oxford Science Enterprises,152,13.0,EU,178.0
Centre for the Development of Industrial Technology (CDTI),152,8.0,EU,168.0
Runa Capital,151,25.0,EU,201.0
Unilever Ventures,151,29.0,EU,209.0
Forbion Capital Partners,150,47.0,EU,244.0
Investor Growth Capital Limited,146,63.0,EU,272.0
Mercia Fund Managers,143,14.0,EU,171.0
Isai,142,24.0,EU,190.0
Pario Ventures,142,20.0,EU,182.0
Karista,141,31.0,EU,203.0
Seraphim Space,140,5.0,EU,150.0
IRIS,140,38.0,EU,216.0
M Ventures,139,15.0,EU,169.0
Kreos Capital,138,61.0,EU,260.0
TGFS - Technologiegründerfonds Sachsen,138,9.0,EU,156.0
Star Ventures,138,45.0,EU,228.0
Possible Ventures,137,1.0,EU,139.0
Swisscom Ventures,137,39.0,EU,215.0
PSV,136,26.0,EU,188.0
Serena,133,23.0,EU,179.0
Oxford Technology Management,133,20.0,EU,173.0
Seedstars,130,7.0,EU,144.0
Atlantic Bridge,129,32.0,EU,193.0
Hedosophia,128,20.0,EU,168.0
468 Capital,128,10.0,EU,148.0
Tiny VC,128,12.0,EU,152.0
Dawn Capital,127,21.0,EU,169.0
Tesi,127,19.0,EU,165.0
ZBS CAPITAL,127,,EU,
SGH CAPITAL,125,32.0,EU,189.0
Credo Ventures,124,14.0,EU,152.0
1kx,124,1.0,EU,126.0
Breega,123,13.0,EU,149.0
MH Ventures,122,1.0,EU,124.0
SyndicateRoom,122,7.0,EU,136.0
Cathay Capital,122,21.0,EU,164.0
Acton Capital,122,42.0,EU,206.0
Mountain Partners,122,32.0,EU,186.0
HealthCap,121,35.0,EU,191.0
Connect Ventures,121,18.0,EU,157.0
Wellcome Trust,120,38.0,EU,196.0
BOM,120,13.0,EU,146.0
Felix Capital,120,12.0,EU,144.0
PMV,119,20.0,EU,159.0
Uncorrelated Ventures,119,4.0,EU,127.0
AXA Venture Partners,118,17.0,EU,152.0
Hummingbird Ventures,118,11.0,EU,140.0
Episode 1,118,8.0,EU,134.0
GO CAPITAL,117,11.0,EU,139.0
UBS,116,29.0,EU,174.0
Kibo Ventures,116,19.0,EU,154.0
UK Innovation & Science Seed Fund,115,7.0,EU,129.0
Investinor,114,18.0,EU,150.0
QVentures,114,11.0,EU,136.0
Capnamic Ventures,113,16.0,EU,145.0
Social Tech Trust,113,3.0,EU,119.0
Playfair Capital,112,10.0,EU,132.0
Highland Europe,112,24.0,EU,160.0
Leblon Capital,111,9.0,EU,129.0
Katapult,111,4.0,EU,119.0
eCAPITAL ENTREPRENEURIAL PARTNERS,111,21.0,EU,153.0
Gilde Healthcare,111,39.0,EU,189.0
UVC Partners,111,9.0,EU,129.0
S.R.I.W.,111,15.0,EU,141.0
Lightrock,110,4.0,EU,118.0
Hoxton Ventures,110,15.0,EU,140.0
bmp Ventures,110,17.0,EU,144.0
Redstone.VC,109,8.0,EU,125.0
Investisseurs & Partenaires,109,9.0,EU,127.0
Target Partners,109,22.0,EU,153.0
Kurma Partners,108,12.0,EU,132.0
EQT,107,47.0,EU,201.0
BayBG Venture Capital,107,12.0,EU,131.0
Icebreaker.vc,106,4.0,EU,114.0
Capricorn Partners,105,29.0,EU,163.0
M Capital Partners,105,18.0,EU,141.0
Aglaé Ventures,104,3.0,EU,110.0
VentureFriends,104,6.0,EU,116.0
Delta Partners,104,25.0,EU,154.0
JamJar Investments,104,16.0,EU,136.0
Catapult Ventures,103,29.0,EU,161.0
Piton Capital,103,13.0,EU,129.0
VI Partners,103,20.0,EU,143.0
Midlands Engine Investment Fund,103,2.0,EU,107.0
Starquest Capital,103,8.0,EU,119.0
University of Cambridge Enterprise,103,4.0,EU,111.0
La Famiglia,103,9.0,EU,121.0
Praetura Ventures,101,4.0,EU,109.0
Founders Future,101,2.0,EU,105.0
TVM Capital,101,33.0,EU,167.0
TMT Investments,101,16.0,EU,133.0
The North West Fund,101,10.0,EU,121.0
AA Sons,100,10.0,EU,120.0
24 Haymarket,99,11.0,EU,121.0
Fabric Ventures,99,2.0,EU,103.0
Kennet Partners,98,44.0,EU,186.0
Worth Capital,98,2.0,EU,102.0
Pi Labs,97,9.0,EU,115.0
Alma Mundi Ventures,97,8.0,EU,113.0
Forward Partners,97,16.0,EU,129.0
Alpana Ventures,97,9.0,EU,115.0
Mercia Asset Management,97,16.0,EU,129.0
Practica Capital,96,3.0,EU,102.0
Finorpa,96,9.0,EU,114.0
P101,95,16.0,EU,127.0
JME Ventures,95,8.0,EU,111.0
ICF Capital,95,9.0,EU,113.0
Hasso Plattner Ventures,95,23.0,EU,141.0
Aslanoba Capital,94,14.0,EU,122.0
coparion,94,11.0,EU,116.0
Daphni,93,6.0,EU,105.0
K Fund,93,8.0,EU,109.0
Angels Capital,93,3.0,EU,99.0
Draper B1,93,1.0,EU,95.0
Metaplanet,92,3.0,EU,98.0
Kindred Capital,92,8.0,EU,108.0
Pontaq,92,,EU,
Creathor Ventures,92,22.0,EU,136.0
Calm/Storm Ventures,91,2.0,EU,95.0
Crane Venture Partners,91,5.0,EU,101.0
10x Group,91,14.0,EU,119.0
VNV Global,91,12.0,EU,115.0
Crédit Mutuel Innovation,91,26.0,EU,143.0
Advent Venture Partners,91,34.0,EU,159.0
HOWZAT Partners,91,16.0,EU,123.0
Cavalry Ventures,90,4.0,EU,98.0
Cambridge Innovation Capital,89,9.0,EU,107.0
Wintermute Ventures,89,1.0,EU,91.0
Foundamental,89,5.0,EU,99.0
Mosaic Ventures,89,24.0,EU,137.0
Seaya,89,10.0,EU,109.0
Finnvera Venture Capital,89,19.0,EU,127.0
TotalEnergies Ventures,89,19.0,EU,127.0
Initial Capital,89,21.0,EU,131.0
Limburgse Reconversie Maatschappij,88,15.0,EU,118.0
Axeleo Capital,87,12.0,EU,111.0
Nextech Invest,87,37.0,EU,161.0
Acurio Ventures,87,7.0,EU,101.0
Cipio Partners,87,40.0,EU,167.0
Financiere Saint James,87,6.0,EU,99.0
JOINT JOURNEY,87,8.0,EU,103.0
MIG Capital,87,12.0,EU,111.0
OpenOcean,86,14.0,EU,114.0
Cogitent Ventures,86,1.0,EU,88.0
Kernel Capital,86,17.0,EU,120.0
Armilar Venture Partners,86,11.0,EU,108.0
Business Angels Switzerland (BAS),86,3.0,EU,92.0
TEV Ventures,86,23.0,EU,132.0
BACKED VC,85,8.0,EU,101.0
Maven 11 Capital,85,,EU,
Moscow Seed Fund,85,1.0,EU,87.0
Kingsway Capital,84,8.0,EU,100.0
BioMedPartners,84,21.0,EU,126.0
Fly Ventures,83,7.0,EU,97.0
Demeter Partners,83,10.0,EU,103.0
Concept Ventures,82,2.0,EU,86.0
Future Energy Ventures,82,11.0,EU,104.0
SquareOne Venture Capital,82,8.0,EU,98.0
Inkef,82,17.0,EU,116.0
Deepbridge Capital,81,,EU,
Bek Ventures,81,7.0,EU,95.0
50 Partners,81,8.0,EU,97.0
Emerald Technology Ventures,81,12.0,EU,105.0
Vorwerk Ventures,81,12.0,EU,105.0
Mouro Capital,81,8.0,EU,97.0
LVP,81,16.0,EU,113.0
Norrsken VC,80,2.0,EU,84.0
Flashpoint,80,8.0,EU,96.0
Demeter,80,4.0,EU,88.0
PROfounders Capital,80,20.0,EU,120.0
Rheingau Founders,80,11.0,EU,102.0
BlueYard Capital,79,1.0,EU,81.0
Club Italia Investimenti 2,79,9.0,EU,97.0
Motier Ventures,79,,EU,
Blue Horizon Corporation,79,3.0,EU,85.0
Steadview Capital,79,11.0,EU,101.0
Redbus Ventures,79,4.0,EU,87.0
Peak,79,8.0,EU,95.0
Otium Capital,78,7.0,EU,92.0
Talis Capital,78,17.0,EU,112.0
Manta Ray Ventures,77,3.0,EU,83.0
CapHorn Invest,76,10.0,EU,96.0
42CAP,76,4.0,EU,84.0
aws Gründungsfonds,76,9.0,EU,94.0
Faraday Venture Partners,76,6.0,EU,88.0
ODYSSEE VENTURE,76,35.0,EU,146.0
Smedvig Ventures,75,15.0,EU,105.0
Innovation Nest,75,7.0,EU,89.0
Axon Partners Group,75,12.0,EU,99.0
Grazia Equity,75,20.0,EU,115.0
Maki.vc,74,5.0,EU,84.0
Butterfly Ventures,74,2.0,EU,78.0
IFB Innovationsstarter,74,5.0,EU,84.0
Norfund,74,7.0,EU,88.0
Eden Ventures,74,20.0,EU,114.0
Demium Capital,74,,EU,
Old College Capital,73,2.0,EU,77.0
Triple Point Ventures,73,4.0,EU,81.0
HCVC,73,6.0,EU,85.0
Supernova Invest,73,3.0,EU,79.0
byFounders,73,6.0,EU,85.0
FoodLabs,73,4.0,EU,81.0
Visionplus,73,10.0,EU,93.0
Prosus & Naspers,73,20.0,EU,113.0
Presto Ventures,72,2.0,EU,76.0
Finch Capital,72,13.0,EU,98.0
NPIF – Mercia Equity Finance,72,6.0,EU,84.0
Ysios Capital,72,13.0,EU,98.0
Nesta Ventures,72,12.0,EU,96.0
Accelerace,71,8.0,EU,87.0
Momenta,71,8.0,EU,87.0
InnovationQuarter,71,8.0,EU,87.0
Evolem Start,71,6.0,EU,83.0
CyLon Ventures,71,11.0,EU,93.0
True.,70,5.0,EU,80.0
Founderful,70,3.0,EU,76.0
Illuminate Financial,70,6.0,EU,82.0
Big Sur Ventures,70,3.0,EU,76.0
Meusinvest (Noshaq),70,3.0,EU,76.0
MVM Life Science Partners,70,25.0,EU,120.0
Volta Ventures,70,6.0,EU,82.0
Unigrains,70,8.0,EU,86.0
Low Carbon Innovation Fund,69,5.0,EU,79.0
Adara Ventures,69,13.0,EU,95.0
BStartup,69,3.0,EU,75.0
Elkstone Capital Partners,68,3.0,EU,74.0
Sabadell Venture Capital,68,13.0,EU,94.0
Caixa Capital,68,5.0,EU,78.0
Bonsai Partners,68,16.0,EU,100.0
Newion,68,12.0,EU,92.0
Fasanara Capital,68,2.0,EU,72.0
Two Culture Capital,68,8.0,EU,84.0
Alliance VC,67,8.0,EU,83.0
Reflex Capital,67,11.0,EU,89.0
Innogest Capital,67,11.0,EU,89.0
Endeavour Vision,67,20.0,EU,107.0
KTH Holding,67,3.0,EU,73.0
SEB Venture Capital,67,21.0,EU,109.0
10x Founders,66,1.0,EU,68.0
United Ventures,66,8.0,EU,82.0
Innovestor,66,4.0,EU,74.0
Nina Capital,66,2.0,EU,70.0
Emerge,66,4.0,EU,74.0
Superangel,66,3.0,EU,72.0
Serpentine Ventures,66,2.0,EU,70.0
E-Merge,66,23.0,EU,112.0
KREAXI,66,11.0,EU,88.0
KAYA,65,9.0,EU,83.0
Flyer One Ventures,65,2.0,EU,69.0
Zee Prime Capital,65,1.0,EU,67.0
APY Ventures,65,,EU,
ICLUB VC,65,6.0,EU,77.0
Shilling,64,4.0,EU,72.0
Superhero Capital,64,2.0,EU,68.0
Stride.VC,64,4.0,EU,72.0
Concentric,64,2.0,EU,68.0
Encomenda VC,64,4.0,EU,72.0
NextStage,64,21.0,EU,106.0
Faber,63,8.0,EU,79.0
Greyhound Capital,63,7.0,EU,77.0
C4 Ventures,63,12.0,EU,87.0
Advent Life Sciences,63,15.0,EU,93.0
TrueSight Ventures,63,7.0,EU,77.0
Lundbeckfonden Ventures,63,21.0,EU,105.0
Partnerinvest Norr,63,9.0,EU,81.0
Prime Ventures,63,20.0,EU,103.0
Giant Ventures,62,4.0,EU,70.0
Astanor Ventures,62,3.0,EU,68.0
seed + speed Ventures,62,6.0,EU,74.0
Polygon Ventures,62,2.0,EU,66.0
W ventures,62,1.0,EU,64.0
Samaipata,62,5.0,EU,72.0
PortfoLion Capital Partners,62,8.0,EU,78.0
Holland Capital,62,18.0,EU,98.0
DvH Ventures,62,6.0,EU,74.0
Visionaries Club,62,,EU,
Hotspur Capital,62,5.0,EU,72.0
SevenVentures,61,14.0,EU,89.0
Primo Capital,61,6.0,EU,73.0
Oxford University Innovation,61,5.0,EU,71.0
LIFTT,61,1.0,EU,63.0
Bankinter,61,10.0,EU,81.0
Impulse VC,61,9.0,EU,79.0
Brandenburg Kapital,61,6.0,EU,73.0
OostNL,60,1.0,EU,62.0
Innovation Industries,60,3.0,EU,66.0
Rancilio Cube Sicaf,60,17.0,EU,94.0
Magnus Capital,60,,EU,
bm-t beteiligungsmanagement thuringen,60,7.0,EU,74.0
Avalon Wealth Club,60,,EU,
METRO Xcel,60,5.0,EU,70.0
Burda Principal Investments,60,6.0,EU,72.0
Albion Capital Group,59,12.0,EU,83.0
Gorilla Capital,59,5.0,EU,69.0
Senovo,59,9.0,EU,77.0
4Founders Capital,59,3.0,EU,65.0
Wellstreet,59,7.0,EU,73.0
Forward Venture Capital,59,1.0,EU,61.0
Charlotte Street Capital,59,7.0,EU,73.0
Innovation Capital,59,23.0,EU,105.0
Sweet Capital,59,6.0,EU,71.0
Climate Investment,58,1.0,EU,60.0
Ananda Impact Ventures,58,4.0,EU,66.0
Verlinvest,58,10.0,EU,78.0
henQ,58,10.0,EU,78.0
tecnet equity,58,8.0,EU,74.0
TIIN Capital,58,18.0,EU,94.0
Banco Sabadell,57,13.0,EU,83.0
Tera Ventures,57,8.0,EU,73.0
The Austrian Research Promotion Agency (FFG),57,2.0,EU,61.0
Inovo.vc,57,3.0,EU,63.0
3TS Capital Partners,57,18.0,EU,93.0
EDFI ElectriFI,57,1.0,EU,59.0
A Plus Finance,57,13.0,EU,83.0
TRICAPITAL,57,4.0,EU,65.0
Alesta Yatırım,57,,EU,
Samos Investments,57,7.0,EU,71.0
Invest-NL,56,4.0,EU,64.0
Expon Capital,56,5.0,EU,66.0
Angular Ventures,56,2.0,EU,60.0
Boğaziçi Ventures,56,,EU,
Latitude,56,5.0,EU,66.0
BioGeneration Ventures,56,8.0,EU,72.0
CommerzVentures,56,4.0,EU,64.0
BeAble Capital,56,,EU,
TLcom Capital Partners,56,9.0,EU,74.0
Vertis,56,6.0,EU,68.0
Mobeus Equity Partners,56,13.0,EU,82.0
IKIGAI,56,,EU,
MAIF Avenir,56,12.0,EU,80.0
Truffle Capital,56,19.0,EU,94.0
ZAKA VC,55,,EU,
CapMan,55,19.0,EU,93.0
Revo Capital,55,7.0,EU,69.0
Ferd,55,26.0,EU,107.0
HBM Partners,55,22.0,EU,99.0
German Startups Group,55,19.0,EU,93.0
Boost Heroes,55,9.0,EU,73.0
Reaktor Ventures,55,6.0,EU,67.0
Galia Gestion,55,4.0,EU,63.0
CPT Capital,54,1.0,EU,56.0
Change Ventures,54,3.0,EU,60.0
EASO Ventures,54,,EU,
SpeedUp Venture Capital Group,54,5.0,EU,64.0
Viking Venture,54,22.0,EU,98.0
Vesalius Biocapital Partners,54,9.0,EU,72.0
Reference Capital SA,54,23.0,EU,100.0
LU Innovation,54,4.0,EU,62.0
Market One Capital,54,5.0,EU,64.0
Syngenta Ventures,54,6.0,EU,66.0
SET Ventures,53,8.0,EU,69.0
Neosfer,53,7.0,EU,67.0
Mérieux Equity Partners,53,15.0,EU,83.0
BY Venture Partners,53,6.0,EU,65.0
Monkfish Equity,53,14.0,EU,81.0
Grosvenor Food & AgTech,53,3.0,EU,59.0
FW Capital,53,7.0,EU,67.0
Nova Growth Capital,53,,EU,
Cur8 Capital,53,3.0,EU,59.0
NFT Ventures,53,7.0,EU,67.0
South Central Ventures,53,5.0,EU,63.0
NJF Capital,53,6.0,EU,65.0
Ada Ventures,52,,EU,
Specialist VC,52,3.0,EU,58.0
West Hill Capital,52,5.0,EU,62.0
Fortino Capital,52,14.0,EU,80.0
Jets Capital,52,,EU,
Sisu Game Ventures,52,4.0,EU,60.0
Black Pearls VC,52,2.0,EU,56.0
Investitionsbank Berlin,52,12.0,EU,76.0
Digital Attraxion,52,,EU,
Pembroke VCT,52,3.0,EU,58.0
Luminar Ventures,51,2.0,EU,55.0
Plug and Play Spain,51,5.0,EU,61.0
Pitchdrive,51,2.0,EU,55.0
Spintop Ventures,51,8.0,EU,67.0
Hubraum,51,8.0,EU,67.0
AI Seed,51,4.0,EU,59.0
APEX Ventures,51,1.0,EU,53.0
Gapminder VC,51,1.0,EU,53.0
Rockaway Capital,51,9.0,EU,69.0
Ace Capital Partners,51,16.0,EU,83.0
Firestartr,51,19.0,EU,89.0
AddVenture,51,5.0,EU,61.0
Turenne Capital,51,6.0,EU,63.0
eQventure,51,4.0,EU,59.0
AQUITI Gestion,51,5.0,EU,61.0
BlackFin Capital Partners,51,7.0,EU,65.0
TRAIL SOLUTIONS PATRIMOINE,51,9.0,EU,69.0
Schibsted Growth,51,4.0,EU,59.0
responsAbility Investments,50,6.0,EU,62.0
Martlet Capital,50,5.0,EU,60.0
Indico Capital Partners,50,1.0,EU,52.0
CV VC,50,1.0,EU,52.0
BGF Ventures,50,4.0,EU,58.0
Skyfall Ventures,50,2.0,EU,54.0
Rubio Impact Ventures,50,3.0,EU,56.0
Brighteye Ventures,50,5.0,EU,60.0
OneRagtime,50,4.0,EU,58.0
Ship2B,50,3.0,EU,56.0
Blossom Capital,50,4.0,EU,58.0
Enterprise Equity,50,21.0,EU,92.0
Borean Innovation,50,3.0,EU,56.0
I-Source Gestion,50,19.0,EU,88.0
WestTech Ventures,50,15.0,EU,80.0
Frst,49,2.0,EU,53.0
SHIFT Invest,49,2.0,EU,53.0
Explorer Investments,49,3.0,EU,55.0
StartersHub,49,6.0,EU,61.0
BackBone Ventures,49,3.0,EU,55.0
KIZOO Technology Capital,49,5.0,EU,59.0
Pi Campus,49,7.0,EU,63.0
Bertelsmann India Investments,49,4.0,EU,57.0
Next Media Accelerator,49,5.0,EU,59.0
CM-CIC Capital Prive,49,15.0,EU,79.0
Augmentum Fintech,48,7.0,EU,62.0
M&G Investments,48,10.0,EU,68.0
VEF,48,3.0,EU,54.0
Creator Fund,48,1.0,EU,50.0
Clarendon Fund Managers,48,3.0,EU,54.0
Medicxi,48,13.0,EU,74.0
Bynd Venture Capital,48,5.0,EU,58.0
Unruly Capital,48,1.0,EU,50.0
H14,48,6.0,EU,60.0
Inbox Capital,48,8.0,EU,64.0
BB Biotech Ventures,48,12.0,EU,72.0
Neomed Management,48,19.0,EU,86.0
Anaxago,48,8.0,EU,64.0
VentureFounders,48,7.0,EU,62.0
AIB Seed Capital Fund,48,11.0,EU,70.0
EWOR,47,,EU,
Finnfund,47,6.0,EU,59.0
Hi Inov - Dentressangle,47,7.0,EU,61.0
MITON,47,3.0,EU,53.0
Blackfinch Ventures,47,1.0,EU,49.0
The Delta,47,1.0,EU,49.0
Quadrille Capital,47,11.0,EU,69.0
Bright Capital,47,12.0,EU,71.0
N1,47,,EU,
Principia SGR,47,8.0,EU,63.0
Boost Fund,47,1.0,EU,49.0
Neulogy Ventures,47,4.0,EU,55.0
DOEN Participaties,46,2.0,EU,50.0
Graduate Entrepreneur Fund,46,,EU,
Moonrock Capital,46,,EU,
212,46,3.0,EU,52.0
Bullnet Capital,46,6.0,EU,58.0
Syncona Partners LLP,46,10.0,EU,66.0
Nanabianca,46,5.0,EU,56.0
Buildit Accelerator,46,,EU,
Crescent Capital,46,15.0,EU,76.0
CDP Equity,46,2.0,EU,50.0
J12,46,1.0,EU,48.0
Neuhaus Partners,46,21.0,EU,88.0
Angel Investment Network,46,7.0,EU,60.0
Vsquared Ventures,45,,EU,
DAO Maker,45,,EU,
DFF Ventures,45,1.0,EU,47.0
Endeit Capital,45,23.0,EU,91.0
Day One Capital,45,6.0,EU,57.0
Matterwave Ventures,45,1.0,EU,47.0
Lighthouse Ventures,45,2.0,EU,49.0
Guinness Ventures,45,3.0,EU,51.0
KR1,45,,EU,
LVL1 Group,45,10.0,EU,65.0
FTTF,45,1.0,EU,47.0
Redline Capital,45,13.0,EU,71.0
Technology Fund,45,4.0,EU,53.0
Apicap,45,14.0,EU,73.0
Greenfield,44,1.0,EU,46.0
Moonfire Ventures,44,1.0,EU,46.0
Pale blue dot,44,,EU,
Yabeo,44,7.0,EU,58.0
Ponderosa Ventures,44,,EU,
Educapital,44,2.0,EU,48.0
Contrarian Ventures,44,1.0,EU,46.0
First Momentum Ventures,44,2.0,EU,48.0
Anterra Capital,44,3.0,EU,50.0
Munich Venture Partners,44,8.0,EU,60.0
Enjoyventure Management,44,6.0,EU,56.0
Symvan Capital,44,,EU,
Innovatiefonds Noord-Holland,44,,EU,
Atlante Ventures,44,6.0,EU,56.0
Demium,43,1.0,EU,45.0
Insurtech Gateway,43,2.0,EU,47.0
Statkraft Ventures,43,4.0,EU,51.0
Vendep Capital,43,3.0,EU,49.0
Launchbay Capital,43,4.0,EU,51.0
O2h Ventures,43,4.0,EU,51.0
Seroba Life Sciences,43,10.0,EU,63.0
J&T Ventures,43,5.0,EU,53.0
IRDI SORIDEC Gestion,43,2.0,EU,47.0
Spark Ventures,43,11.0,EU,65.0
Entrepreneurs Fund,43,14.0,EU,71.0
Inventures SA,43,4.0,EU,51.0
Opes Impact Fund,43,1.0,EU,45.0
ADV,43,5.0,EU,53.0
Hiro Capital,42,4.0,EU,50.0
TechVision Fund,42,6.0,EU,54.0
Dig Ventures,42,3.0,EU,48.0
Aggregate Media,42,1.0,EU,44.0
Ring Capital,42,4.0,EU,50.0
dmg ventures,42,9.0,EU,60.0
2Shares,42,1.0,EU,44.0
Frog Capital,42,13.0,EU,68.0
Crowberry Capital,42,1.0,EU,44.0
Gresham House Ventures,42,2.0,EU,46.0
Jenson Funding Partners,42,,EU,
LeadX Capital Partners,42,4.0,EU,50.0
O.G. Venture Partners,42,5.0,EU,52.0
Media Ventures,42,9.0,EU,60.0
Swiss Founders Fund,42,5.0,EU,52.0
TechOne VC,42,1.0,EU,44.0
SMOK Ventures,42,,EU,
MPGI,42,5.0,EU,52.0
Aqua Spark,41,2.0,EU,45.0
NEAR Foundation,41,,EU,
Voima Ventures,41,1.0,EU,43.0
Nord France Amorcage,41,3.0,EU,47.0
TRGC,41,,EU,
Diffusion Capital Partners,41,2.0,EU,45.0
Btomorrow Ventures,41,2.0,EU,45.0
DOB Equity,41,,EU,
CABRA VC,41,5.0,EU,51.0
Active Venture Partners,41,13.0,EU,67.0
RTA.vc,41,3.0,EU,47.0
Sviluppo Imprese Centro Italia,41,5.0,EU,51.0
Sure Valley Ventures,41,5.0,EU,51.0
Korelya Capital,41,2.0,EU,45.0
Innovations Kapital,41,15.0,EU,71.0
Groupe Arnault,41,18.0,EU,77.0
NLC,40,,EU,
Dementia Discovery Fund,40,3.0,EU,46.0
Singular,40,1.0,EU,42.0
Active Partners,40,1.0,EU,42.0
Metavallon VC,40,2.0,EU,44.0
Invitalia,40,,EU,
Dialectic,40,1.0,EU,42.0
Early Game Ventures,40,,EU,
AENU,40,,EU,
Seier Capital,40,4.0,EU,48.0
Western Development Commission,40,5.0,EU,50.0
FORWARD.one,40,2.0,EU,44.0
InReach Ventures,40,6.0,EU,52.0
Goodwell Investments,40,,EU,
SmartFin,40,7.0,EU,54.0
Everstake Capital,40,,EU,
Creative UK,40,3.0,EU,46.0
Emertec,40,5.0,EU,50.0
Doughty Hanson & Co,40,16.0,EU,72.0
Keen Venture Partners,40,4.0,EU,48.0
E3 Capital,40,2.0,EU,44.0
Carbon13,39,,EU,
Fidelity International,39,15.0,EU,69.0
Heliad Equity Partners,39,8.0,EU,55.0
European Investment Fund,39,5.0,EU,49.0
Blue Wire Capital,39,4.0,EU,47.0
Illusian Founder Office,39,1.0,EU,41.0
Karma Ventures,39,4.0,EU,47.0
Quantonation,39,1.0,EU,41.0
Re-Pie Asset Management,39,3.0,EU,45.0
G1 Ventures,39,1.0,EU,41.0
Longwall Venture,39,,EU,
1818 Venture Capital,39,5.0,EU,49.0
UCLB,39,13.0,EU,65.0
Arts Alliance,39,9.0,EU,57.0
CEA Investissement,39,8.0,EU,55.0
IDC Ventures,39,2.0,EU,43.0
Carlson ASI EVIG Alfa VC Fund,39,,EU,
Bonsai Venture Capital SCR,39,9.0,EU,57.0
SFPI-FPIM,39,4.0,EU,47.0
New Business Venture Fund,39,3.0,EU,45.0
Eyrir Venture Management,39,1.0,EU,41.0
Renaissance Capital Partners,39,5.0,EU,49.0
Co-FundNI,39,4.0,EU,47.0
Fraunhofer Venture,39,5.0,EU,49.0
Sciety,38,9.0,EU,56.0
OTB Ventures,38,2.0,EU,42.0
IW Capital,38,1.0,EU,40.0
Übermorgen Ventures,38,,EU,
Nordic Makers,38,4.0,EU,46.0
Endeavour Ventures,38,7.0,EU,52.0
Velo Partners,38,6.0,EU,50.0
Beyond Impact,38,3.0,EU,44.0
ProVenture,38,8.0,EU,54.0
SIDE Capital,38,3.0,EU,44.0
Xevin Investments,38,4.0,EU,46.0
Vertical.vc,38,1.0,EU,40.0
Braveheart Investment Group,38,6.0,EU,50.0
Expansion Capital,38,1.0,EU,40.0
Quan Technology Fund,38,9.0,EU,56.0
UCL Technology Fund,38,6.0,EU,50.0
noa,37,1.0,EU,39.0
finleap,37,8.0,EU,53.0
octopus investments,37,15.0,EU,67.0
V-Bio Ventures,37,1.0,EU,39.0
Public,37,2.0,EU,41.0
EquityPitcher Ventures,37,1.0,EU,39.0
Mercuri,37,,EU,
Schroder Ventures,37,19.0,EU,75.0
bValue Fund,37,6.0,EU,49.0
Inventages Venture Capital Investment Inc.,37,2.0,EU,41.0
Vitosha Venture Partners,37,,EU,
Join Capital,37,5.0,EU,47.0
Milano Investment Partners SGR,37,,EU,
Growth Engine,37,3.0,EU,43.0
Overkill Ventures,37,2.0,EU,41.0
HardGamma Ventures,37,4.0,EU,45.0
CB Investment Management,37,,EU,
CoinShares,36,1.0,EU,38.0
Antai Ventures,36,4.0,EU,44.0
Polymorphic Capital,36,,EU,
Dreamcraft Ventures,36,2.0,EU,40.0
Santander UK,36,4.0,EU,44.0
Frumtak Ventures,36,2.0,EU,40.0
Outward VC,36,3.0,EU,42.0
UNIQA Ventures,36,7.0,EU,50.0
LeanSquare,36,1.0,EU,38.0
SHS Capital,36,6.0,EU,48.0
SMRK VC Fund,36,2.0,EU,40.0
AirAngels,36,1.0,EU,38.0
BitStone Capital,36,4.0,EU,44.0
Agronomics,36,1.0,EU,38.0
OCCIDENT,36,3.0,EU,42.0
Phystech Ventures,36,8.0,EU,52.0
Tet Ventures,36,2.0,EU,40.0
U-Start,36,4.0,EU,44.0
French Partners,36,4.0,EU,44.0
QUBIS,36,6.0,EU,48.0
WING by Digital Wallonia,36,6.0,EU,48.0
Freigeist Capital,36,7.0,EU,50.0
EBRD Venture Capital,35,10.0,EU,55.0
Portfolio Ventures,35,1.0,EU,37.0
Unbound,35,3.0,EU,41.0
British Design Fund,35,,EU,
Invest Northern Ireland,35,7.0,EU,49.0
Founders,35,2.0,EU,39.0
PDENH,35,1.0,EU,37.0
RI Digital Ventures,35,12.0,EU,59.0
LEA Partners,35,5.0,EU,45.0
FinLab,35,8.0,EU,51.0
SODICAL,35,,EU,
Marathon Venture Capital,35,4.0,EU,43.0
Indaco Venture Partners,35,3.0,EU,41.0
Evonik Venture Capital,35,3.0,EU,41.0
BitScale,35,,EU,
TempoCap,35,15.0,EU,65.0
North East Growth Capital Fund,35,,EU,
Jaina Capital,35,12.0,EU,59.0
Normandie Participations,35,1.0,EU,37.0
Karatage,34,1.0,EU,36.0
Auxxo,34,,EU,
Neva SGR,34,3.0,EU,40.0
MSM,34,2.0,EU,38.0
Finovam Gestion,34,,EU,
RockawayX,34,,EU,
Signals Venture Capital,34,3.0,EU,40.0
NordicNinja VC,34,,EU,
BM H Beteiligungs-Managementgesellschaft Hessen,34,,EU,
Open Circle Capital,34,4.0,EU,42.0
Angel Capital Management,34,3.0,EU,40.0
Juno Capital Partners,34,2.0,EU,38.0
Seed Fonds Aachen,34,7.0,EU,48.0
Inventure Partners,34,6.0,EU,46.0
EnBW New Ventures,34,4.0,EU,42.0
Citius,34,3.0,EU,40.0
ACT Venture Partners,34,3.0,EU,40.0
Fondazione Social Venture Giordano dell'Amore,34,,EU,
Galileo Partners,34,12.0,EU,58.0
ICONIUM,33,1.0,EU,35.0
imec.xpand,33,,EU,
Middlegame Ventures,33,6.0,EU,45.0
Wille Finance,33,3.0,EU,39.0
Sambrinvest,33,2.0,EU,37.0
PT1,33,,EU,
Laser Digital,33,,EU,
Russian Direct Investment Fund,33,4.0,EU,41.0
Ahren Innovation Capital,33,6.0,EU,45.0
Flash Ventures,33,2.0,EU,37.0
PeakBridge,33,1.0,EU,35.0
Semantic Ventures,33,,EU,
Uni.Fund,33,,EU,
Cemex Ventures,33,3.0,EU,39.0
Lemonade Stand,33,,EU,
DEPO Ventures,33,2.0,EU,37.0
Movens Capital,33,,EU,
Id4 ventures,33,3.0,EU,39.0
Alfvén & Didrikson,33,6.0,EU,45.0
Think.Health,33,3.0,EU,39.0
Digital Future,33,6.0,EU,45.0
Pleiade Venture,33,8.0,EU,49.0
LT Capital,33,1.0,EU,35.0
Elevation Capital Partners,33,1.0,EU,35.0
3B Future Health Fund,33,5.0,EU,43.0
Crista Galli Ventures,33,1.0,EU,35.0
Petit Poucet,33,3.0,EU,39.0
GM&C Life Sciences Fund,33,,EU,
Loric Ventures,33,4.0,EU,41.0
Nordstar,32,1.0,EU,34.0
FIRSTPICK,32,,EU,
British Patient Capital,32,1.0,EU,34.0
Conviction VC,32,6.0,EU,44.0
Supernode Global,32,2.0,EU,36.0
Lunar Ventures,32,,EU,
GoHub Ventures,32,,EU,
kopa ventures,32,2.0,EU,36.0
BonVenture,32,2.0,EU,36.0
Sturgeon Capital,32,1.0,EU,34.0
Inovexus,32,,EU,
Nexit Ventures,32,14.0,EU,60.0
Panakes Partners,32,,EU,
SINTEF Venture AS,32,4.0,EU,40.0
ICOS Capital Management,32,1.0,EU,34.0
Venista Ventures,32,6.0,EU,44.0
northstar.vc,32,1.0,EU,34.0
Nordic Eye Venture Capital,32,3.0,EU,38.0
Venture Stars,32,5.0,EU,42.0
Boundary Holding,32,4.0,EU,40.0
Avala Capital,32,9.0,EU,50.0
Virtual Network,32,10.0,EU,52.0
CNI,32,5.0,EU,42.0
ECONA AG,32,15.0,EU,62.0
Aviva Ventures,32,4.0,EU,40.0
Centripetal,32,4.0,EU,40.0
Imperious Group VC,32,1.0,EU,34.0
Gemma Frisius Fund,32,5.0,EU,42.0
Reuters Venture Capital,32,22.0,EU,76.0
Startupbootcamp Amsterdam,32,6.0,EU,44.0
Nordic Venture Partners (Sweden),32,14.0,EU,60.0
AFI Ventures,31,2.0,EU,35.0
SNÖ Ventures,31,3.0,EU,37.0
Arix Bioscience,31,11.0,EU,53.0
Cibus Fund,31,3.0,EU,37.0
PUSH VC,31,4.0,EU,39.0
Seed X Liechtenstein,31,1.0,EU,33.0
Fidelity International Strategic Ventures,31,4.0,EU,39.0
Genesis Ventures,31,,EU,
HPE Growth,31,3.0,EU,37.0
Raise Ventures,31,1.0,EU,33.0
Eos Venture Partners,31,3.0,EU,37.0
Future Shape,31,4.0,EU,39.0
Silicon Gardens,31,1.0,EU,33.0
Idekapital,31,1.0,EU,33.0
Edenred Capital Partners,31,5.0,EU,41.0
Inven Capital,31,3.0,EU,37.0
123Venture,31,8.0,EU,47.0
AP Ventures,31,,EU,
ICU Ventures,31,3.0,EU,37.0
Unfold.vc,31,2.0,EU,35.0
Astutia Ventures,31,11.0,EU,53.0
Node Kapital,31,,EU,
Insitor Partners,31,1.0,EU,33.0
Material V,31,4.0,EU,39.0
German Media Pool,31,7.0,EU,45.0
Sirius Venture Partners,31,8.0,EU,47.0
Edition Capital,31,1.0,EU,33.0
Aravis Ventures,31,13.0,EU,57.0
Roca X,31,1.0,EU,33.0
Aurinvest,31,10.0,EU,51.0
Clave Mayor,31,2.0,EU,35.0
Droia Ventures,31,2.0,EU,35.0
Alto Invest,31,11.0,EU,53.0
Global Life Science Ventures,31,13.0,EU,57.0
Alliance Entreprendre,31,8.0,EU,47.0
Atlantic Bridge University Fund,31,2.0,EU,35.0
NCI Gestion,31,2.0,EU,35.0
Quest for Growth,31,14.0,EU,59.0
Redcliffe Capital,31,4.0,EU,39.0
VK (ex. Mail.Ru Group),30,9.0,EU,48.0
Lloyds Banking Group,30,4.0,EU,38.0
Five Seasons Ventures,30,2.0,EU,34.0
AM Ventures,30,2.0,EU,34.0
Eterna Capital,30,2.0,EU,34.0
Alpha Intelligence Capital,30,3.0,EU,36.0
Simpact Ventures,30,,EU,
Navus Ventures,30,2.0,EU,34.0
Purple,30,,EU,
Yttrium,30,5.0,EU,40.0
Wealth Club,30,2.0,EU,34.0
Futury Capital,30,1.0,EU,32.0
Iron Wolf Capital,30,,EU,
Super Capital VC,30,,EU,
Columbia Lake Partners,30,7.0,EU,44.0
STS Ventures,30,4.0,EU,38.0
Synergo Capital,30,10.0,EU,50.0
Ilavska Vuillermoz Capital,30,2.0,EU,34.0
Vala Capital,30,1.0,EU,32.0
dRx Capital,30,3.0,EU,36.0
NewAlpha Asset Management VC,30,5.0,EU,40.0
Ithaca Investments,30,8.0,EU,46.0
Holtzbrinck Digital,30,6.0,EU,42.0
Sussex Place Ventures,30,9.0,EU,48.0
Capagro,30,,EU,
Sistema_VC,30,6.0,EU,42.0
Tribal.vc,30,4.0,EU,38.0
Teknoinvest,30,10.0,EU,50.0
SMH Venture Finance Limited,30,10.0,EU,50.0
Amino Collective,30,1.0,EU,32.0
Rhone-Alpes Creation,30,6.0,EU,42.0
